C1	Critical	infrastructure	t_3d5e27f2
C2	Critical	infrastructure	t_f6c16010
C3C4	Critical	firmware	t_9a0a2835
H1	High	infrastructure	t_ae22d4f1
H2	High	dashboard	t_7ea3f85a
H3	High	firmware	t_7423065a
H4	High	firmware	t_381302be
H5	High	firmware	t_df6a512e
H6	High	firmware	t_1bb5aeda
H7	High	firmware	t_d255787c
H8	High	infrastructure	t_a3f25755
H9	High	infrastructure	t_0fc1b2f0
H10	High	infrastructure	t_12319292
H11	High	dashboard	t_7a3550a2
M1	Medium	firmware	t_14094d36
M2	Medium	firmware	t_f266368e
M3	Medium	firmware	t_58aaa566
M4	Medium	firmware	t_1bd80cba
M5	Medium	firmware	t_66839a32
M6	Medium	firmware	t_79923e71
M7	Medium	firmware	t_e0411191
M8	Medium	firmware	t_cec5eac5
M9	Medium	infrastructure	t_ffad08cb
M10	Medium	infrastructure	t_ecd6626e
M11	Medium	infrastructure	t_5d12d4f4
M12	Medium	infrastructure	t_a4b0b448
M13	Medium	infrastructure	t_2799c6e7
M14	Medium	infrastructure	t_93cf7ee2
M15	Medium	infrastructure	t_ad4d1570
M16	Medium	infrastructure	t_66d3cfdc
M17	Medium	dashboard	t_07b3a5f5
M18	Medium	dashboard	t_74ef3b47
M19	Medium	dashboard	t_d8228a6a
M20	Medium	dashboard	t_0ad69c22
M21	Medium	dashboard	t_de0475b4
M22	Medium	dashboard	t_0630d166
M23	Medium	dashboard	t_dec935f0
SWEEP	umbrella	-	t_501c866c
